contig	start	end
k127_16078466_M_bin.77	2	1334
k127_16078466_M_bin.77	1381	2557
k127_16078466_M_bin.77	2556	2850
k127_16078466_M_bin.77	2846	3587
k127_16078466_M_bin.77	3615	4578
k127_16078466_M_bin.77	4883	5897
k127_16078466_M_bin.77	5893	7264
k127_16078466_M_bin.77	7260	7890
k127_16078466_M_bin.77	8085	9513
k127_16078466_M_bin.77	9648	10650
k127_16078466_M_bin.77	10646	11516
k127_16078466_M_bin.77	11984	12437
k127_16078466_M_bin.77	12488	13373
k127_22746182_M_bin.105	2	116
k127_22746182_M_bin.105	289	1312
k127_22746182_M_bin.105	1308	1602
k127_22746182_M_bin.105	2000	2384
k127_22746182_M_bin.105	2358	2652
k127_22746182_M_bin.105	2667	3564
k127_22746182_M_bin.105	3560	4226
k127_22746182_M_bin.105	4942	6352
k127_22746182_M_bin.105	6499	6748
k127_22746182_M_bin.105	6750	8475
k127_22746182_M_bin.105	8499	9729
k127_22746182_M_bin.105	9725	11402
k127_22746182_M_bin.105	11398	12307
k127_22746182_M_bin.105	12303	14493
k127_22746182_M_bin.105	14479	15679
k127_22746182_M_bin.105	15675	16215
k127_22746182_M_bin.105	16211	17342
k127_22746182_M_bin.105	17356	21016
k127_22746182_M_bin.105	21053	21308
k127_15636555_S_bin.28	0	4941
k127_15636555_S_bin.28	5368	8908
k127_13668998_M_bin.77	2	3425
k127_13668998_M_bin.77	3527	4277
k127_13668998_M_bin.77	4276	4513
k127_13668998_M_bin.77	4694	5240
k127_13668998_M_bin.77	5734	7003
k127_13668998_M_bin.77	7121	8075
k127_13668998_M_bin.77	8201	8816
k127_27846790_S_bin.27	1	1747
k127_27846790_S_bin.27	1743	9153
k127_27846790_S_bin.27	9529	10180
k127_27846790_S_bin.27	10205	10919
k127_27846790_S_bin.27	10961	11903
k127_27846790_S_bin.27	11904	12297
k127_27846790_S_bin.27	12293	13124
k127_27846790_S_bin.27	13142	14273
k127_27846790_S_bin.27	14319	15741
k127_27846790_S_bin.27	15744	16062
k127_27846790_S_bin.27	16365	18267
k127_27846790_S_bin.27	18616	19138
k127_27846790_S_bin.27	19359	19929
k127_27846790_S_bin.27	19969	22567
k127_27846790_S_bin.27	22575	24897
k127_27846790_S_bin.27	24992	26984
k127_34597133_S_bin.80	1	1663
k127_34597133_S_bin.80	1839	2760
k127_17410199_M_bin.55	2	2279
k127_17410199_M_bin.55	2310	3273
k127_17410199_M_bin.55	3269	4037
k127_17410199_M_bin.55	4119	5604
k127_17410199_M_bin.55	5880	6753
k127_26613404_M_bin.44	1	1069
k127_26613404_M_bin.44	1574	2882
k127_26613404_M_bin.44	3023	3554
k127_26613404_M_bin.44	3711	4347
k127_6575704_M_bin.21	0	231
k127_6575704_M_bin.21	227	1484
k127_6575704_M_bin.21	1648	2608
k127_6575704_M_bin.21	2699	3443
k127_6575704_M_bin.21	3447	4680
k127_6575704_M_bin.21	4766	5750
k127_6575704_M_bin.21	5763	6528
k127_6575704_M_bin.21	6529	8191
k127_6575704_M_bin.21	8187	9204
k127_6575704_M_bin.21	9200	9611
k127_6575704_M_bin.21	9662	9944
k127_2745460_M_bin.9	1	859
k127_2745460_M_bin.9	1008	2223
k127_2745460_M_bin.9	2238	3693
k127_2745460_M_bin.9	3845	4067
k127_2745460_M_bin.9	4147	4702
k127_8984978_M_bin.66	2	1316
k127_8984978_M_bin.66	1315	1876
k127_8984978_M_bin.66	1889	2192
k127_8984978_M_bin.66	2191	2674
k127_8984978_M_bin.66	3054	3798
k127_8984978_M_bin.66	3876	4341
k127_8984978_M_bin.66	4358	7223
k127_10624019_M_bin.1	1	583
k127_10624019_M_bin.1	658	1657
k127_10624019_M_bin.1	1694	2231
k127_10624019_M_bin.1	2724	3891
k127_10624019_M_bin.1	3887	4685
k127_10624019_M_bin.1	4671	5886
k127_10624019_M_bin.1	5919	6822
k127_10624019_M_bin.1	7132	7495
k127_10624019_M_bin.1	7563	8022
k127_10624019_M_bin.1	8018	8450
k127_10624019_M_bin.1	8446	9538
k127_10624019_M_bin.1	9571	10324
k127_10624019_M_bin.1	10320	11187
k127_14916321_M_bin.12	29	242
k127_14916321_M_bin.12	415	943
k127_14916321_M_bin.12	1081	1999
k127_14916321_M_bin.12	2064	3774
k127_14916321_M_bin.12	4070	4994
k127_14916321_M_bin.12	5096	6503
k127_14916321_M_bin.12	6930	7812
k127_14916321_M_bin.12	7808	7898
k127_22947841_M_bin.12	2	326
k127_22947841_M_bin.12	882	2949
k127_22947841_M_bin.12	3098	4349
k127_22947841_M_bin.12	4392	4548
k127_22947841_M_bin.12	4578	5649
k127_22947841_M_bin.12	5629	6784
k127_17687533_S_bin.30	0	69
k127_17687533_S_bin.30	726	2280
k127_17687533_S_bin.30	2290	3583
k127_17687533_S_bin.30	3584	5936
k127_17687533_S_bin.30	6013	7249
k127_17687533_S_bin.30	7286	9404
k127_17687533_S_bin.30	9712	10411
k127_7487089_M_bin.109	10	445
k127_7487089_M_bin.109	660	1635
k127_7487089_M_bin.109	1631	2678
k127_7487089_M_bin.109	2674	3109
k127_7487089_M_bin.109	3285	3834
k127_7487089_M_bin.109	3923	4826
k127_7487089_M_bin.109	5321	5876
k127_27656770_S_bin.50	0	93
k127_27656770_S_bin.50	92	1643
k127_27656770_S_bin.50	1662	2448
k127_27656770_S_bin.50	2545	3148
k127_27656770_S_bin.50	3213	4170
k127_27656770_S_bin.50	4192	6307
k127_27656770_S_bin.50	6414	7503
k127_27656770_S_bin.50	7514	8219
k127_27656770_S_bin.50	8221	9325
k127_6074367_M_bin.52	2	182
k127_6074367_M_bin.52	182	1625
k127_6074367_M_bin.52	1621	3808
k127_6074367_M_bin.52	3959	4136
k127_6074367_M_bin.52	4484	5912
k127_6074367_M_bin.52	6081	6480
k127_6074367_M_bin.52	6514	7159
k127_6074367_M_bin.52	7095	7341
k127_6074367_M_bin.52	7371	8031
k127_6074367_M_bin.52	8044	8140
k127_6074367_M_bin.52	8166	8493
k127_6074367_M_bin.52	8567	9059
k127_6074367_M_bin.52	9438	9642
k127_6074367_M_bin.52	9819	14013
k127_6074367_M_bin.52	14148	14811
k127_6074367_M_bin.52	15038	15827
k127_6074367_M_bin.52	15835	16987
k127_6074367_M_bin.52	17107	18331
k127_6074367_M_bin.52	18446	18581
k127_6074367_M_bin.52	18585	18690
k127_6074367_M_bin.52	18686	18779
k127_6074367_M_bin.52	18765	20292
k127_6074367_M_bin.52	20310	20625
k127_6074367_M_bin.52	20812	21850
k127_6074367_M_bin.52	21909	22653
k127_6074367_M_bin.52	22871	23075
k127_6074367_M_bin.52	23097	23469
k127_6074367_M_bin.52	23481	23925
k127_6074367_M_bin.52	24142	24991
k127_6074367_M_bin.52	25124	25904
k127_6074367_M_bin.52	26273	26657
k127_6074367_M_bin.52	26851	27775
k127_6074367_M_bin.52	27933	28716
k127_34770437_S_bin.28	0	4701
k127_24715934_M_bin.8	0	1983
k127_24715934_M_bin.8	2131	2896
k127_24715934_M_bin.8	2929	5416
k127_24715934_M_bin.8	5624	5891
k127_21485863_M_bin.102	2	161
k127_21485863_M_bin.102	321	627
k127_21485863_M_bin.102	637	2146
k127_21485863_M_bin.102	2459	3104
k127_21485863_M_bin.102	3191	3401
k127_21485863_M_bin.102	3447	4122
k127_21485863_M_bin.102	4210	5032
k127_20047681_M_bin.102	2	332
k127_20047681_M_bin.102	388	910
k127_20047681_M_bin.102	970	1249
k127_20047681_M_bin.102	1296	2139
k127_20047681_M_bin.102	2135	3473
k127_20047681_M_bin.102	3469	6460
k127_20047681_M_bin.102	6443	8225
k127_20047681_M_bin.102	8599	10183
k127_20047681_M_bin.102	10279	12865
k127_31786668_S_bin.117	119	1124
k127_31786668_S_bin.117	1227	1497
k127_31786668_S_bin.117	1634	3089
k127_31786668_S_bin.117	3148	4966
k127_31786668_S_bin.117	4962	5760
k127_31786668_S_bin.117	5910	6468
k127_31786668_S_bin.117	6534	6987
k127_31786668_S_bin.117	7016	7496
k127_31786668_S_bin.117	7477	8599
k127_31786668_S_bin.117	8732	9974
k127_31786668_S_bin.117	10000	10975
k127_31786668_S_bin.117	10971	11550
k127_31786668_S_bin.117	11546	12212
k127_14933298_S_bin.80	181	580
k127_14933298_S_bin.80	623	2465
k127_14933298_S_bin.80	2942	3671
k127_38657971_S_bin.28	1	10879
k127_38657971_S_bin.28	10974	11733
k127_38657971_S_bin.28	12048	12585
k127_38657971_S_bin.28	12663	13188
k127_38657971_S_bin.28	13380	14565
k127_38657971_S_bin.28	14561	15230
k127_38657971_S_bin.28	15226	17566
k127_38657971_S_bin.28	17562	18027
k127_38657971_S_bin.28	18027	18459
k127_38657971_S_bin.28	18575	19340
k127_26075804_M_bin.109	0	162
k127_26075804_M_bin.109	158	1133
k127_26075804_M_bin.109	1140	1683
k127_26075804_M_bin.109	1744	2413
k127_26075804_M_bin.109	2407	4906
k127_26075804_M_bin.109	4902	5562
k127_26075804_M_bin.109	5596	6355
k127_26075804_M_bin.109	6448	6550
k127_26075804_M_bin.109	6575	7583
k127_26075804_M_bin.109	7752	8577
k127_1622404_M_bin.47	727	943
k127_1622404_M_bin.47	2020	2182
k127_1622404_M_bin.47	2783	2918
k127_1622404_M_bin.47	3707	4886
k127_1622404_M_bin.47	5000	7262
k127_1622404_M_bin.47	7258	8725
k127_1622404_M_bin.47	8800	9133
k127_1622404_M_bin.47	9216	10578
k127_13562023_M_bin.47	99	654
k127_13562023_M_bin.47	907	2062
k127_13562023_M_bin.47	2142	2994
k127_32152072_S_bin.8	53	2189
k127_32152072_S_bin.8	2293	3454
k127_32152072_S_bin.8	3450	4881
k127_32152072_S_bin.8	4959	5121
k127_32152072_S_bin.8	5208	6213
k127_32152072_S_bin.8	6205	7162
k127_32152072_S_bin.8	7239	7461
k127_32152072_S_bin.8	7494	7737
k127_32152072_S_bin.8	7775	7991
k127_32152072_S_bin.8	8106	8886
k127_32152072_S_bin.8	9113	9833
k127_4284923_S_bin.28	517	1297
k127_4284923_S_bin.28	1293	1632
k127_4284923_S_bin.28	2095	3127
k127_4284923_S_bin.28	3119	4109
k127_4284923_S_bin.28	4105	5011
k127_4284923_S_bin.28	5000	6884
k127_4284923_S_bin.28	6887	7664
k127_4284923_S_bin.28	7660	9277
k127_7260464_M_bin.109	2	71
k127_7260464_M_bin.109	113	1586
k127_7260464_M_bin.109	1582	2752
k127_7260464_M_bin.109	2873	3104
k127_7260464_M_bin.109	3224	4232
k127_10280600_M_bin.102	2	761
k127_10280600_M_bin.102	772	1669
k127_10280600_M_bin.102	1713	3240
k127_10280600_M_bin.102	3220	4366
k127_10280600_M_bin.102	4567	5044
k127_32221389_S_bin.28	2	2879
k127_32221389_S_bin.28	3139	3574
k127_8241861_M_bin.67	1	469
k127_8241861_M_bin.67	523	622
k127_8241861_M_bin.67	614	1181
k127_8241861_M_bin.67	1641	5922
k127_8241861_M_bin.67	6026	7598
k127_8241861_M_bin.67	7597	8092
k127_8241861_M_bin.67	8108	9929
k127_8241861_M_bin.67	9961	10969
k127_8241861_M_bin.67	11040	11724
k127_8241861_M_bin.67	11720	13112
k127_8241861_M_bin.67	13260	14877
k127_8241861_M_bin.67	14982	15987
k127_8241861_M_bin.67	16051	16393
k127_8241861_M_bin.67	16545	17664
k127_8241861_M_bin.67	17668	17803
k127_8241861_M_bin.67	18374	18719
k127_8241861_M_bin.67	18812	19835
k127_15107147_M_bin.12	0	267
k127_15107147_M_bin.12	701	1433
k127_15107147_M_bin.12	1518	2142
k127_15107147_M_bin.12	2264	2456
k127_15107147_M_bin.12	2582	2978
k127_15107147_M_bin.12	3199	3478
k127_15107147_M_bin.12	4191	4446
k127_6281136_M_bin.9	0	447
k127_6281136_M_bin.9	608	773
k127_6281136_M_bin.9	792	2088
k127_6281136_M_bin.9	2134	2977
k127_6281136_M_bin.9	3035	3596
k127_6281136_M_bin.9	3718	4573
k127_6281136_M_bin.9	4586	5330
k127_6281136_M_bin.9	5517	5895
k127_6281136_M_bin.9	6003	8289
k127_6281136_M_bin.9	8421	8862
k127_6281136_M_bin.9	9098	10082
k127_6281136_M_bin.9	10403	10886
k127_6281136_M_bin.9	10882	11833
k127_6281136_M_bin.9	11837	12794
k127_16081867_M_bin.32	104	4193
k127_16081867_M_bin.32	4387	4984
k127_16081867_M_bin.32	5085	5721
k127_10358142_S_bin.80	1	3325
k127_2035307_M_bin.8	553	1741
k127_2035307_M_bin.8	2014	5314
k127_2035307_M_bin.8	5310	7869
k127_2035307_M_bin.8	7865	8774
k127_2035307_M_bin.8	8786	9281
k127_2035307_M_bin.8	9333	9546
k127_2035307_M_bin.8	9744	9939
k127_2035307_M_bin.8	10000	10645
k127_2035307_M_bin.8	10629	10776
k127_2035307_M_bin.8	10832	11564
k127_2035307_M_bin.8	12070	12889
k127_2035307_M_bin.8	13016	13268
k127_2035307_M_bin.8	13373	13751
k127_2035307_M_bin.8	13883	14579
k127_2035307_M_bin.8	14608	15673
k127_2035307_M_bin.8	15669	16122
k127_2035307_M_bin.8	16118	18002
k127_2035307_M_bin.8	18222	18375
k127_2035307_M_bin.8	18368	18611
k127_2035307_M_bin.8	18782	19028
k127_2035307_M_bin.8	19212	20283
k127_12767678_S_bin.61	0	10791
k127_12767678_S_bin.61	10848	31758
k127_12767678_S_bin.61	31838	34313
k127_12767678_S_bin.61	34309	36031
k127_12767678_S_bin.61	36045	36417
k127_12767678_S_bin.61	36413	37724
k127_12767678_S_bin.61	37762	37903
k127_33113800_S_bin.27	2	854
k127_33113800_S_bin.27	850	2329
k127_33113800_S_bin.27	2325	3528
k127_33113800_S_bin.27	3508	4804
k127_33113800_S_bin.27	4952	5096
k127_24084409_M_bin.100	2	1034
k127_24084409_M_bin.100	1356	2565
k127_24084409_M_bin.100	2778	3600
k127_24084409_M_bin.100	3599	5795
k127_24084409_M_bin.100	5831	12638
k127_24084409_M_bin.100	12641	13406
k127_37704742_S_bin.9	0	72
k127_37704742_S_bin.9	64	1021
k127_37704742_S_bin.9	1102	1306
k127_37704742_S_bin.9	1337	1568
k127_37704742_S_bin.9	1606	1825
k127_37704742_S_bin.9	1846	2062
k127_37704742_S_bin.9	2178	2958
k127_37704742_S_bin.9	3173	3752
k127_22196915_S_bin.28	1	2716
k127_19293459_M_bin.100	71	950
k127_19293459_M_bin.100	1067	2186
k127_19293459_M_bin.100	2441	2996
k127_23333697_M_bin.12	62	440
k127_23333697_M_bin.12	576	1737
k127_23333697_M_bin.12	2067	2370
k127_23333697_M_bin.12	2479	2974
k127_23333697_M_bin.12	2970	4104
k127_23333697_M_bin.12	4275	5559
k127_23333697_M_bin.12	5555	6320
k127_23333697_M_bin.12	6325	6598
k127_23333697_M_bin.12	6620	7643
k127_23333697_M_bin.12	7816	8800
k127_23333697_M_bin.12	8796	9552
k127_23333697_M_bin.12	9589	10870
k127_23333697_M_bin.12	10950	11244
k127_23333697_M_bin.12	11488	12934
k127_23333697_M_bin.12	13123	13822
k127_23333697_M_bin.12	13825	14296
k127_23333697_M_bin.12	14631	14724
k127_39778434_S_bin.61	2	1403
k127_39778434_S_bin.61	1563	2562
k127_39778434_S_bin.61	2578	3898
k127_39778434_S_bin.61	3894	5070
k127_39778434_S_bin.61	5066	6557
k127_39778434_S_bin.61	6553	7552
k127_39778434_S_bin.61	7436	7982
k127_39778434_S_bin.61	8045	8468
k127_39778434_S_bin.61	8478	8859
k127_23855834_S_bin.36	2	242
k127_23855834_S_bin.36	238	1342
k127_23855834_S_bin.36	1319	2489
k127_23855834_S_bin.36	2481	3066
k127_23855834_S_bin.36	3069	4008
k127_23855834_S_bin.36	4070	5018
k127_23855834_S_bin.36	5032	7057
k127_23855834_S_bin.36	7069	9112
k127_23855834_S_bin.36	9108	10146
k127_23855834_S_bin.36	10226	10310
k127_11996447_S_bin.61	2	2222
k127_11996447_S_bin.61	2328	2649
k127_11996447_S_bin.61	2834	5612
k127_11996447_S_bin.61	5840	6503
k127_11996447_S_bin.61	6588	7467
k127_11996447_S_bin.61	7463	8531
k127_11996447_S_bin.61	8707	9580
k127_11996447_S_bin.61	9673	9778
k127_11996447_S_bin.61	9777	10863
k127_11996447_S_bin.61	10859	11774
k127_11996447_S_bin.61	11767	12055
k127_11996447_S_bin.61	12059	12536
k127_11996447_S_bin.61	12526	12727
k127_11996447_S_bin.61	12872	13586
k127_11996447_S_bin.61	13608	14313
k127_11996447_S_bin.61	14617	14827
k127_11996447_S_bin.61	14799	16332
k127_11996447_S_bin.61	16356	17331
k127_11996447_S_bin.61	17311	18898
k127_11996447_S_bin.61	18913	19978
k127_11996447_S_bin.61	19974	20859
k127_11996447_S_bin.61	20869	21979
k127_11996447_S_bin.61	21992	23195
k127_11996447_S_bin.61	23185	24769
k127_11996447_S_bin.61	24765	25947
k127_11996447_S_bin.61	25974	27864
k127_11996447_S_bin.61	27909	29037
k127_11996447_S_bin.61	29047	30325
k127_11996447_S_bin.61	30354	31512
k127_11996447_S_bin.61	31504	32848
k127_11996447_S_bin.61	32817	33705
k127_3219219_M_bin.77	1	1879
k127_3219219_M_bin.77	1878	9003
k127_23305902_S_bin.117	2	401
k127_23305902_S_bin.117	397	1123
k127_23305902_S_bin.117	1259	2198
k127_23305902_S_bin.117	2305	3409
k127_23305902_S_bin.117	3402	4119
k127_23305902_S_bin.117	4115	5222
k127_23305902_S_bin.117	5362	6136
k127_23305902_S_bin.117	6180	6690
k127_23305902_S_bin.117	6723	7248
k127_23305902_S_bin.117	7247	7733
k127_23305902_S_bin.117	7777	9538
k127_23305902_S_bin.117	9681	10236
k127_23305902_S_bin.117	10226	10733
k127_23305902_S_bin.117	10796	11198
k127_23305902_S_bin.117	11208	11865
k127_23305902_S_bin.117	11669	12464
k127_23305902_S_bin.117	12581	13868
k127_23305902_S_bin.117	13872	14370
k127_23305902_S_bin.117	14568	15381
k127_23327784_M_bin.8	1	862
k127_23327784_M_bin.8	858	1704
k127_23327784_M_bin.8	1706	2696
k127_8539368_M_bin.32	0	117
k127_8539368_M_bin.32	154	457
k127_8539368_M_bin.32	822	3420
k127_8539368_M_bin.32	3444	4590
k127_8539368_M_bin.32	4701	6249
k127_26927097_M_bin.12	2	248
k127_26927097_M_bin.12	335	1712
k127_26927097_M_bin.12	1708	9178
k127_26927097_M_bin.12	9656	11702
k127_26927097_M_bin.12	11842	12889
k127_26927097_M_bin.12	13905	15639
k127_26927097_M_bin.12	15635	16028
k127_976675_S_bin.30	662	1211
k127_976675_S_bin.30	1279	3112
k127_976675_S_bin.30	3104	3764
k127_976675_S_bin.30	4192	4417
k127_976675_S_bin.30	4450	5062
k127_976675_S_bin.30	5184	5907
k127_39877298_S_bin.28	2	179
k127_39877298_S_bin.28	234	1503
k127_39877298_S_bin.28	1618	2509
k127_39877298_S_bin.28	2522	2672
k127_39877298_S_bin.28	2872	2995
k127_39877298_S_bin.28	2991	4218
k127_39877298_S_bin.28	4217	4946
k127_39877298_S_bin.28	4942	5398
k127_39877298_S_bin.28	5394	6591
k127_39877298_S_bin.28	6587	7070
k127_39877298_S_bin.28	7066	7801
k127_39877298_S_bin.28	7797	8946
k127_39877298_S_bin.28	9099	11475
k127_39877298_S_bin.28	11446	12061
k127_39877298_S_bin.28	12057	12507
k127_39877298_S_bin.28	12572	13520
k127_39877298_S_bin.28	13516	14251
k127_39877298_S_bin.28	14243	15935
k127_39877298_S_bin.28	15936	16482
k127_39877298_S_bin.28	16478	16733
k127_39877298_S_bin.28	16742	17003
k127_39877298_S_bin.28	16977	17790
k127_39877298_S_bin.28	17765	18347
k127_39877298_S_bin.28	18793	19573
k127_39877298_S_bin.28	19572	19680
k127_39877298_S_bin.28	20000	20204
k127_39877298_S_bin.28	20426	22103
k127_39877298_S_bin.28	22102	22978
k127_39877298_S_bin.28	22979	23279
k127_39877298_S_bin.28	23271	24123
k127_39877298_S_bin.28	24119	24920
k127_39877298_S_bin.28	24913	25300
k127_25506700_M_bin.44	13	730
k127_25506700_M_bin.44	805	1015
k127_25506700_M_bin.44	1085	4304
k127_21276781_M_bin.86	71	596
k127_21276781_M_bin.86	592	1720
k127_21276781_M_bin.86	1831	2566
k127_27809232_S_bin.28	0	2670
k127_14253723_S_bin.27	2	4940
k127_14253723_S_bin.27	5037	6633
k127_14253723_S_bin.27	6697	7204
k127_14253723_S_bin.27	7216	7765
k127_12973009_M_bin.9	71	785
k127_12973009_M_bin.9	954	1107
k127_12973009_M_bin.9	1194	2325
k127_12973009_M_bin.9	2346	2460
k127_12973009_M_bin.9	2539	4426
k127_12973009_M_bin.9	4525	5146
k127_12973009_M_bin.9	5293	5890
k127_12973009_M_bin.9	6021	6876
k127_15064906_S_bin.27	2	383
k127_15064906_S_bin.27	1182	1377
k127_15064906_S_bin.27	1506	2415
k127_15064906_S_bin.27	2438	3368
k127_15064906_S_bin.27	3441	4299
k127_15064906_S_bin.27	4360	5392
k127_15064906_S_bin.27	5388	5949
k127_15064906_S_bin.27	5999	6512
k127_15064906_S_bin.27	6511	6814
k127_15064906_S_bin.27	6848	7535
k127_15064906_S_bin.27	7564	9892
k127_15064906_S_bin.27	10241	11606
k127_15064906_S_bin.27	11706	12927
k127_15064906_S_bin.27	12923	13742
k127_15064906_S_bin.27	13738	15430
k127_15064906_S_bin.27	15492	16215
k127_15064906_S_bin.27	16231	17425
k127_15064906_S_bin.27	17439	17952
k127_14984850_M_bin.111	2	1004
k127_14984850_M_bin.111	1331	1634
k127_14984850_M_bin.111	1654	2140
k127_14984850_M_bin.111	2136	3267
k127_14984850_M_bin.111	3297	3972
k127_17007392_M_bin.44	2	854
k127_17007392_M_bin.44	1074	3222
k127_17007392_M_bin.44	3372	3792
k127_17007392_M_bin.44	3797	5477
k127_17007392_M_bin.44	5570	6467
k127_17007392_M_bin.44	6569	6839
k127_39034543_S_bin.27	0	1236
k127_39034543_S_bin.27	1232	1892
k127_39034543_S_bin.27	1905	2709
k127_39034543_S_bin.27	2698	3829
k127_39034543_S_bin.27	3953	4313
k127_39034543_S_bin.27	4364	5477
k127_39034543_S_bin.27	5493	7647
k127_39034543_S_bin.27	7702	8518
k127_39034543_S_bin.27	8598	9882
k127_39034543_S_bin.27	9927	10848
k127_39034543_S_bin.27	10792	11656
k127_39034543_S_bin.27	11769	13614
k127_39034543_S_bin.27	13717	14899
k127_39034543_S_bin.27	14909	18044
k127_1207888_M_bin.9	0	1578
k127_1207888_M_bin.9	1770	5805
k127_1207888_M_bin.9	5895	6675
k127_1207888_M_bin.9	6812	7409
k127_1207888_M_bin.9	7486	8860
k127_1207888_M_bin.9	8940	9834
k127_1207888_M_bin.9	10137	10680
k127_16918129_M_bin.9	1	3001
k127_5493334_S_bin.74	1	4534
k127_8537076_M_bin.8	0	420
k127_8537076_M_bin.8	481	616
k127_8537076_M_bin.8	625	1696
k127_8537076_M_bin.8	1676	3071
k127_20736030_M_bin.32	1	1408
k127_20736030_M_bin.32	1516	2458
k127_20736030_M_bin.32	2465	2861
k127_20736030_M_bin.32	2871	3753
k127_20736030_M_bin.32	3898	5263
k127_26032337_M_bin.100	262	1084
k127_26032337_M_bin.100	1083	3279
k127_26032337_M_bin.100	3393	5283
k127_11349038_M_bin.66	1	2587
k127_11349038_M_bin.66	2684	4280
k127_11349038_M_bin.66	4344	4851
k127_11349038_M_bin.66	4863	5784
k127_11349038_M_bin.66	5836	6520
k127_2536849_S_bin.56	24	384
k127_2536849_S_bin.56	343	1378
k127_2536849_S_bin.56	1374	2217
k127_2536849_S_bin.56	2225	2501
k127_2536849_S_bin.56	2505	2916
k127_3219214_M_bin.77	0	1446
k127_3219214_M_bin.77	1529	3749
k127_3219214_M_bin.77	3781	4003
k127_21500464_M_bin.105	1	1471
k127_21500464_M_bin.105	1463	4841
k127_21500464_M_bin.105	4849	5668
k127_21500464_M_bin.105	5664	6432
k127_21500464_M_bin.105	6428	8213
k127_21500464_M_bin.105	8286	9300
k127_21500464_M_bin.105	9448	10264
k127_21500464_M_bin.105	10194	11472
k127_21500464_M_bin.105	11468	12206
k127_21500464_M_bin.105	12202	13516
k127_21500464_M_bin.105	13512	14163
k127_21500464_M_bin.105	14326	15322
k127_15165676_S_bin.9	0	990
k127_15165676_S_bin.9	1053	1785
k127_15165676_S_bin.9	1883	3104
k127_15165676_S_bin.9	3108	3360
k127_15165676_S_bin.9	3540	4425
k127_15165676_S_bin.9	4627	6163
k127_15165676_S_bin.9	6155	7868
k127_40375156_S_bin.28	2	3164
k127_40375156_S_bin.28	3165	3930
k127_17912597_M_bin.8	0	762
k127_17912597_M_bin.8	761	1784
k127_17912597_M_bin.8	1780	3370
k127_17912597_M_bin.8	3366	4233
k127_17912597_M_bin.8	4229	5465
k127_17912597_M_bin.8	5482	6241
k127_17912597_M_bin.8	6227	6887
k127_17912597_M_bin.8	6897	8070
k127_17912597_M_bin.8	8088	9363
k127_17912597_M_bin.8	9353	10718
k127_17912597_M_bin.8	10801	11140
k127_17912597_M_bin.8	11157	11769
k127_17912597_M_bin.8	11765	12818
k127_17912597_M_bin.8	12868	14485
k127_17912597_M_bin.8	14705	14882
k127_17912597_M_bin.8	15073	15754
k127_17912597_M_bin.8	15767	17123
k127_17912597_M_bin.8	17441	18545
k127_17912597_M_bin.8	18596	19247
k127_17912597_M_bin.8	19243	20041
k127_17912597_M_bin.8	20173	21736
k127_17912597_M_bin.8	21739	22741
k127_17912597_M_bin.8	22785	23778
k127_17912597_M_bin.8	23888	24773
k127_17912597_M_bin.8	24842	26636
k127_17912597_M_bin.8	27345	28563
k127_17912597_M_bin.8	28691	28904
k127_17912597_M_bin.8	29056	29392
k127_17912597_M_bin.8	29440	29812
k127_17912597_M_bin.8	30172	30658
k127_25620701_M_bin.32	290	2546
k127_25620701_M_bin.32	2660	3965
k127_25620701_M_bin.32	4323	11751
k127_25620701_M_bin.32	11747	13121
k127_25620701_M_bin.32	13198	14002
k127_34284438_S_bin.29	2	158
k127_34284438_S_bin.29	199	592
k127_34284438_S_bin.29	689	884
k127_34284438_S_bin.29	974	1739
k127_34284438_S_bin.29	1965	2367
k127_34284438_S_bin.29	2471	2822
k127_34284438_S_bin.29	2911	4438
k127_34284438_S_bin.29	4487	5012
k127_34284438_S_bin.29	5008	6136
k127_34284438_S_bin.29	6247	6514
k127_20219686_M_bin.87	2	119
k127_20219686_M_bin.87	203	410
k127_20219686_M_bin.87	456	2091
k127_20219686_M_bin.87	2087	2792
k127_20219686_M_bin.87	3014	3104
k127_20219686_M_bin.87	3138	4038
k127_20219686_M_bin.87	4218	5304
k127_20219686_M_bin.87	5300	6446
k127_20219686_M_bin.87	6442	7153
k127_20219686_M_bin.87	7133	7496
k127_20219686_M_bin.87	7584	7701
k127_32054254_S_bin.28	2	341
k127_32054254_S_bin.28	291	1254
k127_32054254_S_bin.28	1195	1561
k127_32054254_S_bin.28	1633	1789
k127_32054254_S_bin.28	1877	3557
k127_32054254_S_bin.28	3602	4367
k127_32054254_S_bin.28	4671	4809
k127_32054254_S_bin.28	5366	5558
k127_32054254_S_bin.28	5554	5704
k127_32054254_S_bin.28	5703	5964
k127_32054254_S_bin.28	5973	6861
k127_32054254_S_bin.28	7159	8071
k127_32054254_S_bin.28	8079	8835
k127_32054254_S_bin.28	8831	9116
k127_32054254_S_bin.28	9108	10278
k127_32054254_S_bin.28	10240	12067
k127_32054254_S_bin.28	12122	12284
k127_32054254_S_bin.28	12323	12599
k127_32054254_S_bin.28	12687	14436
k127_32054254_S_bin.28	14635	15910
k127_32054254_S_bin.28	15962	16115
k127_32054254_S_bin.28	16087	16249
k127_32054254_S_bin.28	16311	18006
k127_32054254_S_bin.28	18450	18735
k127_32054254_S_bin.28	18899	19301
k127_32054254_S_bin.28	19605	19851
k127_32054254_S_bin.28	19875	20238
k127_11725973_M_bin.60	0	639
k127_11725973_M_bin.60	680	1487
k127_11725973_M_bin.60	1533	2076
k127_11725973_M_bin.60	2325	2916
k127_11725973_M_bin.60	2950	4669
k127_11725973_M_bin.60	4954	6670
k127_11725973_M_bin.60	6702	6846
k127_11725973_M_bin.60	6885	7188
k127_11725973_M_bin.60	7249	7699
k127_11725973_M_bin.60	7719	9051
k127_11725973_M_bin.60	9090	9702
k127_11725973_M_bin.60	9794	11060
k127_11725973_M_bin.60	11056	11713
k127_11725973_M_bin.60	11709	13503
k127_11725973_M_bin.60	13548	14337
k127_11725973_M_bin.60	14419	15298
k127_11725973_M_bin.60	15357	16647
k127_11725973_M_bin.60	16865	17054
k127_11725973_M_bin.60	17089	18091
k127_11725973_M_bin.60	18151	19552
k127_11725973_M_bin.60	19653	20616
k127_1421512_M_bin.87	1	3862
k127_3056992_M_bin.105	1	814
k127_3056992_M_bin.105	837	1887
k127_3056992_M_bin.105	2004	2676
k127_3056992_M_bin.105	2832	3009
k127_3056992_M_bin.105	3010	3598
k127_3056992_M_bin.105	3594	4407
k127_3056992_M_bin.105	4484	5123
k127_3056992_M_bin.105	5215	5524
k127_3056992_M_bin.105	5548	6196
k127_3056992_M_bin.105	6252	7032
k127_3056992_M_bin.105	7052	8141
k127_3056992_M_bin.105	8137	9025
k127_3056992_M_bin.105	9041	9512
k127_3056992_M_bin.105	9313	10441
k127_3056992_M_bin.105	10437	10596
k127_3056992_M_bin.105	10600	14524
k127_3056992_M_bin.105	14520	15819
k127_3056992_M_bin.105	15927	16566
k127_3056992_M_bin.105	16562	17513
k127_3056992_M_bin.105	17509	19684
k127_3056992_M_bin.105	19734	20277
k127_25511270_M_bin.12	0	690
k127_25511270_M_bin.12	689	1994
k127_25511270_M_bin.12	2033	4031
k127_25511270_M_bin.12	4343	5018
k127_25511270_M_bin.12	5119	5917
k127_26519342_S_bin.74	0	2703
k127_26519342_S_bin.74	2705	3350
k127_13362487_M_bin.111	608	2435
k127_13362487_M_bin.111	2431	4489
k127_13362487_M_bin.111	4488	5439
k127_13362487_M_bin.111	5449	7075
k127_13362487_M_bin.111	7854	8184
k127_13362487_M_bin.111	8399	9440
k127_13362487_M_bin.111	9820	9988
k127_13362487_M_bin.111	10000	10633
k127_13362487_M_bin.111	10795	11527
k127_13362487_M_bin.111	11535	11838
k127_13362487_M_bin.111	11959	12247
k127_13362487_M_bin.111	12356	12614
k127_13362487_M_bin.111	12706	14068
k127_13362487_M_bin.111	14085	14310
k127_10522667_M_bin.47	83	1667
k127_10522667_M_bin.47	1706	2552
k127_10522667_M_bin.47	2618	3842
k127_10522667_M_bin.47	3892	5551
k127_10522667_M_bin.47	5639	8744
k127_10522667_M_bin.47	8968	9646
k127_36102621_S_bin.50	0	162
k127_36102621_S_bin.50	512	650
k127_36102621_S_bin.50	680	1193
k127_36102621_S_bin.50	1215	1503
k127_36102621_S_bin.50	1564	2077
k127_36102621_S_bin.50	2103	2688
k127_36102621_S_bin.50	2816	2951
k127_36102621_S_bin.50	3013	3661
k127_36102621_S_bin.50	3660	5412
k127_36102621_S_bin.50	5421	7527
k127_36102621_S_bin.50	7545	10098
k127_36102621_S_bin.50	10191	10716
k127_32199448_S_bin.28	70	1477
k127_32199448_S_bin.28	1473	2682
k127_32199448_S_bin.28	2674	4459
k127_32199448_S_bin.28	4654	6031
k127_32199448_S_bin.28	6379	8788
k127_5770497_M_bin.111	1	217
k127_5770497_M_bin.111	204	519
k127_5770497_M_bin.111	627	1533
k127_5770497_M_bin.111	1645	2236
k127_5770497_M_bin.111	2408	5969
k127_903402_S_bin.9	41	845
k127_903402_S_bin.9	933	1875
k127_903402_S_bin.9	1884	4686
k127_903402_S_bin.9	4941	5391
k127_903402_S_bin.9	5528	6200
k127_903402_S_bin.9	6202	7675
k127_903402_S_bin.9	7676	8513
k127_903402_S_bin.9	8540	8996
k127_903402_S_bin.9	9002	9722
k127_903402_S_bin.9	9863	10652
k127_903402_S_bin.9	10738	12160
k127_903402_S_bin.9	12233	12572
k127_903402_S_bin.9	12639	13098
k127_903402_S_bin.9	13114	13348
k127_903402_S_bin.9	13504	16396
k127_903402_S_bin.9	16406	16697
k127_13971914_M_bin.67	827	1586
k127_13971914_M_bin.67	1652	2306
k127_13971914_M_bin.67	2381	2888
k127_13971914_M_bin.67	3040	3322
k127_13971914_M_bin.67	3628	4228
k127_13971914_M_bin.67	4238	4733
k127_13971914_M_bin.67	5506	6181
k127_13971914_M_bin.67	6320	6638
k127_13971914_M_bin.67	6831	7899
k127_13971914_M_bin.67	7971	8652
k127_13971914_M_bin.67	8846	9785
k127_13971914_M_bin.67	10000	11089
k127_10410083_M_bin.8	2	3932
k127_10410083_M_bin.8	4138	4735
k127_10410083_M_bin.8	4924	5872
k127_21447690_M_bin.66	1	4177
k127_21447690_M_bin.66	4188	4974
k127_21447690_M_bin.66	4970	5786
k127_21447690_M_bin.66	5778	6738
k127_21447690_M_bin.66	6812	7328
k127_10007386_M_bin.111	0	435
k127_10007386_M_bin.111	532	919
k127_10007386_M_bin.111	899	1610
k127_10007386_M_bin.111	1606	2764
k127_10007386_M_bin.111	2760	3843
k127_10007386_M_bin.111	4002	4902
k127_10007386_M_bin.111	4947	5037
k127_10007386_M_bin.111	5218	5923
k127_10007386_M_bin.111	5919	7530
k127_10007386_M_bin.111	7657	7864
k127_10007386_M_bin.111	8006	8804
k127_10007386_M_bin.111	8800	9193
k127_12936363_S_bin.29	0	684
k127_12936363_S_bin.29	835	1240
k127_12936363_S_bin.29	1309	2485
k127_12936363_S_bin.29	2588	3014
k127_27204362_S_bin.30	658	1066
k127_27204362_S_bin.30	1181	1649
k127_27204362_S_bin.30	1599	2241
k127_27204362_S_bin.30	2237	2675
k127_27204362_S_bin.30	2684	2954
k127_27204362_S_bin.30	3020	3863
k127_27204362_S_bin.30	3849	5217
k127_27204362_S_bin.30	5209	5524
k127_27204362_S_bin.30	5533	6502
k127_27204362_S_bin.30	7036	7543
k127_27204362_S_bin.30	7739	9806
k127_27204362_S_bin.30	9818	9995
k127_27204362_S_bin.30	10000	11143
k127_27204362_S_bin.30	11129	11408
k127_27204362_S_bin.30	11410	11914
k127_12902857_S_bin.28	0	2259
k127_12902857_S_bin.28	2423	3836
k127_12902857_S_bin.28	3917	4136
k127_12902857_S_bin.28	4413	5331
k127_12902857_S_bin.28	5331	5619
k127_22512175_S_bin.36	2	86
k127_22512175_S_bin.36	317	1229
k127_22512175_S_bin.36	1371	2124
k127_22512175_S_bin.36	2120	2414
k127_22512175_S_bin.36	2367	3093
k127_25911180_S_bin.28	2	3668
k127_25911180_S_bin.28	3920	4424
k127_25911180_S_bin.28	4564	5695
k127_25911180_S_bin.28	5605	5932
k127_13931062_M_bin.55	2	917
k127_13931062_M_bin.55	966	2694
k127_27776944_M_bin.77	314	989
k127_27776944_M_bin.77	1036	1327
k127_27776944_M_bin.77	1341	1851
k127_27776944_M_bin.77	1932	3387
k127_27776944_M_bin.77	3386	4289
k127_27776944_M_bin.77	4285	5278
k127_27776944_M_bin.77	5300	6212
k127_27776944_M_bin.77	6228	7146
k127_27776944_M_bin.77	7198	8737
k127_27776944_M_bin.77	8929	9865
k127_27776944_M_bin.77	10000	10915
k127_27776944_M_bin.77	10987	11908
k127_27776944_M_bin.77	11945	13973
k127_27776944_M_bin.77	13973	14693
k127_27776944_M_bin.77	14715	15513
k127_27776944_M_bin.77	15509	16025
k127_27776944_M_bin.77	16021	16984
k127_27776944_M_bin.77	16980	18159
k127_27776944_M_bin.77	18206	19811
k127_27776944_M_bin.77	19878	21606
k127_27776944_M_bin.77	21792	22890
k127_27776944_M_bin.77	22867	24421
k127_27776944_M_bin.77	24521	25193
k127_27776944_M_bin.77	25304	26339
k127_27776944_M_bin.77	26617	27316
k127_27776944_M_bin.77	27462	29322
k127_27776944_M_bin.77	29348	29765
k127_27776944_M_bin.77	29896	30373
k127_27776944_M_bin.77	30471	31602
k127_31104040_S_bin.80	199	4111
k127_9476787_M_bin.1	2	1094
k127_9476787_M_bin.1	1153	2197
k127_9476787_M_bin.1	2193	3270
k127_9476787_M_bin.1	3385	3871
k127_21190171_M_bin.47	2	1328
k127_21190171_M_bin.47	1640	2552
k127_21190171_M_bin.47	2800	3289
k127_21190171_M_bin.47	3363	3957
k127_21190171_M_bin.47	3993	4212
k127_21190171_M_bin.47	4358	7814
k127_21190171_M_bin.47	9370	13432
k127_21190171_M_bin.47	13717	14392
k127_11197027_S_bin.30	930	1131
k127_11197027_S_bin.30	1439	3635
k127_11197027_S_bin.30	3662	4862
k127_11197027_S_bin.30	5000	6737
k127_11197027_S_bin.30	6733	7681
k127_11197027_S_bin.30	7681	8863
k127_11197027_S_bin.30	8956	9265
k127_11197027_S_bin.30	9538	10750
k127_11197027_S_bin.30	10765	11656
k127_11197027_S_bin.30	11693	12125
k127_11197027_S_bin.30	12160	13030
k127_11197027_S_bin.30	13128	13638
k127_8516650_M_bin.102	1	2704
k127_8516650_M_bin.102	2700	2964
k127_8516650_M_bin.102	3010	3814
k127_8516650_M_bin.102	3864	5190
k127_8516650_M_bin.102	5186	6002
k127_8516650_M_bin.102	6460	7663
k127_8516650_M_bin.102	7629	7845
k127_8516650_M_bin.102	7875	14484
k127_8516650_M_bin.102	14489	14693
k127_8516650_M_bin.102	14747	19322
k127_8516650_M_bin.102	19392	20823
k127_8516650_M_bin.102	20943	22686
k127_8516650_M_bin.102	22813	23029
k127_8516650_M_bin.102	23417	24227
k127_8516650_M_bin.102	24466	24679
k127_8516650_M_bin.102	24715	25861
k127_8516650_M_bin.102	25823	26561
k127_8516650_M_bin.102	27271	28057
k127_8516650_M_bin.102	28221	29982
k127_8516650_M_bin.102	30012	30801
k127_8516650_M_bin.102	30797	31571
k127_30023566_S_bin.61	2	1757
k127_30023566_S_bin.61	1851	1998
k127_30023566_S_bin.61	2073	2988
k127_30023566_S_bin.61	2984	3710
k127_30023566_S_bin.61	3706	3994
k127_30023566_S_bin.61	3993	5154
k127_30023566_S_bin.61	5159	5366
k127_30023566_S_bin.61	5470	6283
k127_30023566_S_bin.61	6284	7178
k127_30023566_S_bin.61	7318	8326
k127_23590408_M_bin.22	1727	3500
k127_23590408_M_bin.22	3533	3734
k127_23590408_M_bin.22	3933	4293
k127_23590408_M_bin.22	4434	5220
k127_23590408_M_bin.22	5295	5400
k127_23590408_M_bin.22	5414	5639
k127_23590408_M_bin.22	5660	5912
k127_23590408_M_bin.22	6079	8071
k127_23590408_M_bin.22	8045	8657
k127_23590408_M_bin.22	8733	9144
k127_23590408_M_bin.22	9354	9585
k127_23590408_M_bin.22	9809	9959
k127_23590408_M_bin.22	10308	10566
k127_23590408_M_bin.22	10620	11292
k127_23590408_M_bin.22	11455	11929
k127_23590408_M_bin.22	13258	13819
k127_23590408_M_bin.22	13915	14182
k127_23590408_M_bin.22	14225	14465
k127_23590408_M_bin.22	14542	14677
k127_23590408_M_bin.22	14666	16148
k127_23590408_M_bin.22	16383	17397
k127_23590408_M_bin.22	17489	19214
k127_23590408_M_bin.22	19210	19471
k127_23590408_M_bin.22	19467	20007
k127_23590408_M_bin.22	20000	21104
k127_23590408_M_bin.22	21135	22539
k127_23590408_M_bin.22	22701	22923
k127_23590408_M_bin.22	22953	23484
k127_23590408_M_bin.22	23611	23764
k127_23590408_M_bin.22	23941	24154
k127_23590408_M_bin.22	24476	24692
k127_23590408_M_bin.22	24651	25011
k127_23590408_M_bin.22	25695	26820
k127_23590408_M_bin.22	26849	27587
k127_23590408_M_bin.22	27556	28447
k127_23590408_M_bin.22	28710	29271
k127_23590408_M_bin.22	29216	31037
k127_23590408_M_bin.22	31063	31822
k127_22609352_S_bin.28	0	3261
k127_40298990_S_bin.28	0	3063
k127_12281402_M_bin.44	2	137
k127_12281402_M_bin.44	164	452
k127_12281402_M_bin.44	448	1339
k127_12281402_M_bin.44	1335	2181
k127_12281402_M_bin.44	2180	3305
k127_7348137_S_bin.8	1	583
k127_7348137_S_bin.8	598	2977
k127_7348137_S_bin.8	2994	4230
k127_7348137_S_bin.8	4259	4931
k127_7348137_S_bin.8	4948	6565
k127_7348137_S_bin.8	6577	10984
k127_7348137_S_bin.8	10986	11634
k127_7348137_S_bin.8	11643	13566
k127_7348137_S_bin.8	13572	14466
k127_7348137_S_bin.8	14462	16310
k127_22107677_M_bin.60	837	1782
k127_22107677_M_bin.60	1778	2711
k127_22107677_M_bin.60	2707	3748
k127_22107677_M_bin.60	3744	5133
k127_22107677_M_bin.60	5129	5915
k127_22107677_M_bin.60	6033	6630
k127_22107677_M_bin.60	6626	7151
k127_22107677_M_bin.60	7134	7641
k127_22107677_M_bin.60	7637	8873
k127_22107677_M_bin.60	8882	9896
k127_22107677_M_bin.60	9986	10520
k127_22107677_M_bin.60	10614	12180
k127_22107677_M_bin.60	12453	12675
k127_22107677_M_bin.60	12971	13592
k127_22107677_M_bin.60	13927	17587
k127_22107677_M_bin.60	18091	18217
k127_22107677_M_bin.60	18338	19457
k127_22107677_M_bin.60	19458	20004
k127_22107677_M_bin.60	20000	21131
k127_22107677_M_bin.60	21266	21410
k127_22107677_M_bin.60	21807	22773
k127_22107677_M_bin.60	22933	24466
k127_22107677_M_bin.60	24691	25372
k127_22107677_M_bin.60	25414	26452
k127_22107677_M_bin.60	26484	28452
k127_22107677_M_bin.60	28518	29469
k127_22107677_M_bin.60	29465	30116
k127_15852510_S_bin.28	0	2742
k127_15583247_M_bin.32	2	5687
k127_15583247_M_bin.32	5689	5929
k127_19290934_M_bin.100	1	181
k127_19290934_M_bin.100	357	1551
k127_19290934_M_bin.100	1510	2221
k127_36336105_S_bin.28	532	1477
k127_36336105_S_bin.28	1473	1968
k127_36336105_S_bin.28	1960	3019
k127_36336105_S_bin.28	3015	4734
k127_36336105_S_bin.28	4730	6389
k127_36336105_S_bin.28	6431	7676
k127_36336105_S_bin.28	7672	11317
k127_36336105_S_bin.28	11574	11727
k127_36336105_S_bin.28	11902	13075
k127_36336105_S_bin.28	13155	13392
k127_36336105_S_bin.28	13567	14560
k127_36336105_S_bin.28	14595	15909
k127_36336105_S_bin.28	16123	17866
k127_36336105_S_bin.28	17960	18674
k127_36336105_S_bin.28	18702	19929
k127_36336105_S_bin.28	20000	32567
k127_36336105_S_bin.28	32686	36547
k127_36336105_S_bin.28	36870	37923
k127_36336105_S_bin.28	38072	38477
k127_36336105_S_bin.28	38681	38777
k127_36336105_S_bin.28	39223	39805
k127_13273213_S_bin.29	2	1421
k127_13273213_S_bin.29	1661	2768
k127_13273213_S_bin.29	2764	3490
k127_13273213_S_bin.29	3494	4415
k127_13273213_S_bin.29	4660	5758
k127_13273213_S_bin.29	5873	7502
k127_13273213_S_bin.29	7498	8494
k127_13273213_S_bin.29	8568	8772
k127_17241124_M_bin.52	1	889
k127_17241124_M_bin.52	888	1653
k127_17241124_M_bin.52	1649	2303
k127_17241124_M_bin.52	2414	3299
k127_17241124_M_bin.52	3298	3691
k127_17241124_M_bin.52	3703	4645
k127_17241124_M_bin.52	4881	6486
k127_17241124_M_bin.52	6581	6917
k127_17241124_M_bin.52	7140	7644
k127_17241124_M_bin.52	8042	8978
k127_17241124_M_bin.52	9358	10657
k127_17241124_M_bin.52	10723	11059
k127_17241124_M_bin.52	11135	11993
k127_17241124_M_bin.52	12194	13061
k127_9034355_M_bin.87	2	1247
k127_9034355_M_bin.87	1281	2289
k127_9034355_M_bin.87	2439	5280
k127_9034355_M_bin.87	5276	6050
k127_16325172_M_bin.22	14555	18191
k127_16325172_M_bin.22	18444	19908
k127_16325172_M_bin.22	20000	28856
k127_16325172_M_bin.22	29022	29376
k127_16325172_M_bin.22	29394	29709
k127_16325172_M_bin.22	29763	30393
k127_16325172_M_bin.22	30427	31189
k127_16325172_M_bin.22	31439	31805
k127_16325172_M_bin.22	31981	35686
k127_16325172_M_bin.22	35734	37369
k127_16325172_M_bin.22	37365	39339
k127_16325172_M_bin.22	39342	39882
k127_16325172_M_bin.22	39878	40892
k127_16325172_M_bin.22	41036	41606
k127_12043189_M_bin.32	2	593
k127_12043189_M_bin.32	766	856
k127_12043189_M_bin.32	897	1797
k127_12043189_M_bin.32	2195	3278
k127_12043189_M_bin.32	3274	4429
k127_12043189_M_bin.32	4425	5133
k127_6308400_M_bin.8	2	179
k127_6308400_M_bin.8	355	1054
k127_6308400_M_bin.8	1194	1806
k127_6308400_M_bin.8	1805	2660
k127_6308400_M_bin.8	2737	3211
k127_6308400_M_bin.8	3207	3582
k127_6308400_M_bin.8	3578	4511
k127_6308400_M_bin.8	4564	4930
k127_6308400_M_bin.8	4910	5639
k127_6308400_M_bin.8	5635	6781
k127_6308400_M_bin.8	6777	7857
k127_6308400_M_bin.8	8008	8908
k127_6308400_M_bin.8	8953	9043
k127_6308400_M_bin.8	9255	9960
k127_6308400_M_bin.8	9956	11579
k127_6308400_M_bin.8	11768	12644
k127_6308400_M_bin.8	12687	13428
k127_6308400_M_bin.8	13550	14267
k127_6308400_M_bin.8	14348	14954
k127_6308400_M_bin.8	15004	15874
k127_6308400_M_bin.8	15957	16722
k127_6308400_M_bin.8	16738	17065
k127_6308400_M_bin.8	17425	17551
k127_18884052_S_bin.30	910	1135
k127_18884052_S_bin.30	1354	1621
k127_18884052_S_bin.30	2104	3412
k127_18884052_S_bin.30	3442	4600
k127_18884052_S_bin.30	4625	4874
k127_18884052_S_bin.30	5226	5505
k127_18884052_S_bin.30	5508	6042
k127_18884052_S_bin.30	6110	6356
k127_18884052_S_bin.30	6580	7717
k127_18884052_S_bin.30	7716	7857
k127_18884052_S_bin.30	7877	8585
k127_18884052_S_bin.30	8970	9072
k127_18884052_S_bin.30	9250	9406
k127_18884052_S_bin.30	9702	9801
k127_18884052_S_bin.30	9843	10029
k127_18884052_S_bin.30	10000	10510
k127_18884052_S_bin.30	10594	10819
k127_18884052_S_bin.30	10966	12547
k127_18884052_S_bin.30	12569	14945
k127_19913960_M_bin.66	1	772
k127_19913960_M_bin.66	871	3391
k127_19913960_M_bin.66	3387	3465
k127_25443563_M_bin.12	1	154
k127_25443563_M_bin.12	320	1346
k127_25443563_M_bin.12	1342	2257
k127_25443563_M_bin.12	2253	3108
k127_23414692_S_bin.28	2	425
k127_23414692_S_bin.28	421	1354
k127_23414692_S_bin.28	1389	1956
k127_23414692_S_bin.28	1952	2285
k127_23414692_S_bin.28	2281	2827
k127_23414692_S_bin.28	2823	4047
k127_23414692_S_bin.28	4342	5320
k127_23414692_S_bin.28	5727	9138
k127_23414692_S_bin.28	9134	12548
k127_35179849_S_bin.80	2	296
k127_35179849_S_bin.80	334	778
k127_35179849_S_bin.80	790	1783
k127_35179849_S_bin.80	1779	3420
k127_35179849_S_bin.80	3521	4397
k127_16599995_M_bin.87	0	222
k127_16599995_M_bin.87	337	685
k127_16599995_M_bin.87	1021	2608
k127_16599995_M_bin.87	2601	4836
k127_16599995_M_bin.87	4871	5006
k127_16599995_M_bin.87	5024	5867
k127_16599995_M_bin.87	5895	6708
k127_16599995_M_bin.87	6704	6851
k127_16599995_M_bin.87	6850	7513
k127_16599995_M_bin.87	7512	9138
k127_16599995_M_bin.87	9134	10328
k127_16599995_M_bin.87	10401	17583
k127_16599995_M_bin.87	17656	17884
k127_16599995_M_bin.87	17880	18171
k127_16599995_M_bin.87	18327	20268
k127_16599995_M_bin.87	20264	21476
k127_16599995_M_bin.87	21481	22708
k127_16599995_M_bin.87	22985	23246
k127_22004272_S_bin.80	1	280
k127_22004272_S_bin.80	276	771
k127_22004272_S_bin.80	767	1613
k127_22004272_S_bin.80	1720	2134
k127_22004272_S_bin.80	2143	3073
k127_22004272_S_bin.80	3184	3793
k127_22004272_S_bin.80	3906	4017
k127_22004272_S_bin.80	4024	4339
k127_22004272_S_bin.80	4335	4743
k127_16643914_M_bin.44	0	72
k127_16643914_M_bin.44	179	893
k127_16643914_M_bin.44	1082	1613
k127_16643914_M_bin.44	1804	1948
k127_16643914_M_bin.44	1944	3039
k127_38113696_S_bin.56	1	556
k127_38113696_S_bin.56	1247	1850
k127_38113696_S_bin.56	1846	2737
k127_38113696_S_bin.56	2733	3342
k127_38113696_S_bin.56	3396	4167
k127_38113696_S_bin.56	4496	5198
k127_38113696_S_bin.56	5253	5388
k127_6302456_M_bin.9	1	3973
k127_6302456_M_bin.9	4183	5611
k127_18746891_S_bin.80	2	3410
k127_20633400_M_bin.77	63	582
k127_20633400_M_bin.77	603	2052
k127_20633400_M_bin.77	2154	2562
k127_20633400_M_bin.77	2654	3935
k127_20633400_M_bin.77	3977	5303
k127_20633400_M_bin.77	5305	6199
k127_20633400_M_bin.77	6313	7156
k127_20633400_M_bin.77	7148	8351
k127_20633400_M_bin.77	8373	9258
k127_20633400_M_bin.77	9493	10594
k127_20633400_M_bin.77	10603	13840
k127_20633400_M_bin.77	14080	15394
k127_20633400_M_bin.77	15556	16135
k127_20633400_M_bin.77	16236	17502
k127_22974252_M_bin.12	2	584
k127_22974252_M_bin.12	607	1768
k127_22974252_M_bin.12	1927	3496
k127_22974252_M_bin.12	3485	6665
k127_22974252_M_bin.12	6685	8059
k127_22974252_M_bin.12	8113	8995
k127_25177547_M_bin.44	1	3193
k127_25177547_M_bin.44	3195	5748
k127_24384236_S_bin.9	67	883
k127_24384236_S_bin.9	886	1621
k127_24384236_S_bin.9	1774	3781
k127_24384236_S_bin.9	3782	5255
k127_24384236_S_bin.9	5415	5757
k127_24384236_S_bin.9	5810	6290
k127_1212483_S_bin.80	1	4216
k127_38818695_S_bin.28	0	2637
k127_21852578_M_bin.21	2064	4947
k127_21852578_M_bin.21	5002	5710
k127_21852578_M_bin.21	5746	6844
k127_21852578_M_bin.21	6927	8964
k127_21852578_M_bin.21	9066	9537
k127_21852578_M_bin.21	9533	9794
k127_21852578_M_bin.21	9838	9970
k127_21852578_M_bin.21	10000	10777
k127_21852578_M_bin.21	10920	12300
k127_21852578_M_bin.21	12385	14536
k127_21852578_M_bin.21	14532	15897
k127_21852578_M_bin.21	15956	18734
k127_21852578_M_bin.21	18730	19543
k127_21852578_M_bin.21	19505	20027
k127_22624915_M_bin.22	1	415
k127_22624915_M_bin.22	422	1454
k127_22624915_M_bin.22	1466	2060
k127_22624915_M_bin.22	2059	2923
k127_22624915_M_bin.22	2953	4324
k127_22624915_M_bin.22	4795	5023
k127_22624915_M_bin.22	5169	6000
k127_22624915_M_bin.22	5996	7016
k127_22624915_M_bin.22	7028	7604
k127_22624915_M_bin.22	7593	9867
k127_22624915_M_bin.22	9856	10972
k127_22624915_M_bin.22	11062	11764
k127_22624915_M_bin.22	11979	14214
k127_22624915_M_bin.22	14221	16624
k127_36005664_S_bin.28	1	5989
k127_36005664_S_bin.28	6278	7052
k127_36005664_S_bin.28	7141	9517
k127_36005664_S_bin.28	9586	10084
k127_12927069_S_bin.28	1	2065
k127_12927069_S_bin.28	2195	2600
k127_12927069_S_bin.28	2453	3665
k127_12927069_S_bin.28	3737	4670
k127_12927069_S_bin.28	4687	6532
k127_12927069_S_bin.28	6864	7926
k127_12927069_S_bin.28	8048	9707
k127_12927069_S_bin.28	9845	11429
k127_9240135_S_bin.28	1	9415
k127_9240135_S_bin.28	10075	10672
k127_9240135_S_bin.28	10705	11302
k127_9240135_S_bin.28	11450	12662
k127_9240135_S_bin.28	12934	13171
k127_9240135_S_bin.28	13431	14115
k127_9240135_S_bin.28	14111	15560
k127_9240135_S_bin.28	15454	16714
k127_9240135_S_bin.28	16710	17169
k127_16922097_S_bin.28	2	7211
k127_9013880_M_bin.67	1	319
k127_9013880_M_bin.67	315	2112
k127_9013880_M_bin.67	2124	3135
k127_9013880_M_bin.67	3223	4393
k127_9013880_M_bin.67	4767	5064
k127_38270724_S_bin.80	1	2950
k127_15572293_M_bin.102	0	87
k127_15572293_M_bin.102	83	881
k127_15572293_M_bin.102	894	1233
k127_15572293_M_bin.102	1251	1533
k127_15572293_M_bin.102	1745	1952
k127_15572293_M_bin.102	2079	3690
k127_15572293_M_bin.102	3686	4391
k127_15572293_M_bin.102	4575	4665
k127_15572293_M_bin.102	4710	5610
k127_15572293_M_bin.102	5813	6896
k127_15572293_M_bin.102	6892	8050
k127_15572293_M_bin.102	8046	8757
k127_15572293_M_bin.102	8737	9109
k127_24759845_S_bin.74	178	3229
k127_2653851_M_bin.52	670	1348
k127_2653851_M_bin.52	1366	1852
k127_2653851_M_bin.52	1868	2531
k127_2653851_M_bin.52	2562	3306
k127_2653851_M_bin.52	3343	3820
k127_2653851_M_bin.52	3839	4634
k127_2653851_M_bin.52	4630	5935
k127_2653851_M_bin.52	5931	6537
k127_2653851_M_bin.52	6544	7720
k127_2653851_M_bin.52	7795	8221
k127_2653851_M_bin.52	8499	10020
k127_2653851_M_bin.52	10000	11077
k127_2653851_M_bin.52	11495	12800
k127_2653851_M_bin.52	12884	13088
k127_19167585_S_bin.28	1	352
k127_19167585_S_bin.28	348	3795
k127_19167585_S_bin.28	3827	4307
k127_4485730_M_bin.1	1566	2640
k127_4485730_M_bin.1	2636	3473
k127_4485730_M_bin.1	3591	4407
k127_4485730_M_bin.1	4410	4815
k127_4485730_M_bin.1	5000	5408
k127_4485730_M_bin.1	5443	5704
k127_411266_M_bin.94	1	193
k127_411266_M_bin.94	311	1643
k127_411266_M_bin.94	1902	2802
k127_411266_M_bin.94	2798	2930
k127_16171085_M_bin.52	1386	2457
k127_16171085_M_bin.52	2450	4079
k127_16171085_M_bin.52	4161	5109
k127_16171085_M_bin.52	5112	5907
k127_16171085_M_bin.52	6009	6216
k127_16171085_M_bin.52	6268	7915
k127_16171085_M_bin.52	7911	8616
k127_16171085_M_bin.52	8989	9889
k127_16171085_M_bin.52	10000	11128
k127_16171085_M_bin.52	11124	12270
k127_16171085_M_bin.52	12266	12983
k127_16171085_M_bin.52	12963	13326
k127_16171085_M_bin.52	13405	14251
k127_16171085_M_bin.52	14247	14622
k127_16171085_M_bin.52	14618	15089
k127_16171085_M_bin.52	15282	15516
k127_23607641_M_bin.100	0	1380
k127_23607641_M_bin.100	1423	2656
k127_23607641_M_bin.100	2722	3568
k127_23607641_M_bin.100	3607	3718
k127_4731131_M_bin.66	52	1183
k127_4731131_M_bin.66	1307	1667
k127_4731131_M_bin.66	1718	2831
k127_4731131_M_bin.66	2847	5001
k127_4731131_M_bin.66	5056	5872
k127_4731131_M_bin.66	5952	7236
k127_4731131_M_bin.66	7281	8202
k127_4731131_M_bin.66	8146	9010
k127_4731131_M_bin.66	9123	10968
k127_4731131_M_bin.66	11071	12253
k127_4731131_M_bin.66	12263	15398
k127_4731131_M_bin.66	15669	16560
k127_4731131_M_bin.66	16787	16979
k127_493815_S_bin.56	2	647
k127_493815_S_bin.56	643	1876
k127_493815_S_bin.56	1882	2398
k127_493815_S_bin.56	2479	2917
k127_14823593_S_bin.9	2	101
k127_14823593_S_bin.9	304	3958
k127_14823593_S_bin.9	3998	4913
k127_14823593_S_bin.9	4914	6054
k127_14823593_S_bin.9	6054	6486
k127_14823593_S_bin.9	6535	6979
k127_14823593_S_bin.9	6983	7388
k127_14823593_S_bin.9	7518	8514
k127_14823593_S_bin.9	8516	9272
k127_14823593_S_bin.9	9288	10527
k127_14823593_S_bin.9	10575	11004
k127_14823593_S_bin.9	11000	12023
k127_34975464_S_bin.28	1	385
k127_34975464_S_bin.28	432	1455
k127_34975464_S_bin.28	1630	2251
k127_34975464_S_bin.28	2261	3743
k127_34975464_S_bin.28	3739	4423
k127_34975464_S_bin.28	4419	6048
k127_34975464_S_bin.28	6058	6859
k127_34975464_S_bin.28	6968	7394
k127_34975464_S_bin.28	7555	8239
k127_34975464_S_bin.28	8420	9857
k127_34975464_S_bin.28	10307	10439
k127_34975464_S_bin.28	10518	10731
k127_34975464_S_bin.28	11001	19593
k127_34975464_S_bin.28	19593	19863
k127_34975464_S_bin.28	19831	20107
k127_34975464_S_bin.28	20718	20859
k127_34975464_S_bin.28	20883	21333
k127_34975464_S_bin.28	21588	23685
k127_34975464_S_bin.28	24154	24412
k127_34975464_S_bin.28	24411	24957
k127_34975464_S_bin.28	24978	25122
k127_34975464_S_bin.28	25536	25770
k127_34975464_S_bin.28	25794	26247
k127_34975464_S_bin.28	26583	27417
k127_34975464_S_bin.28	27579	28035
k127_34975464_S_bin.28	28053	28548
k127_34975464_S_bin.28	28778	31607
k127_34975464_S_bin.28	31952	32117
k127_34975464_S_bin.28	32144	32414
k127_4227215_M_bin.60	0	117
k127_4227215_M_bin.60	430	1165
k127_4227215_M_bin.60	1187	1907
k127_4227215_M_bin.60	1980	2427
k127_4227215_M_bin.60	2495	3209
k127_4227215_M_bin.60	3213	3657
k127_4227215_M_bin.60	3672	5091
k127_4227215_M_bin.60	5087	8411
k127_4227215_M_bin.60	8746	9655
k127_4227215_M_bin.60	9706	12247
k127_4227215_M_bin.60	12247	13267
k127_4227215_M_bin.60	13306	14092
k127_4227215_M_bin.60	14306	19400
k127_4227215_M_bin.60	19444	20740
k127_6523176_M_bin.87	1	4003
k127_21199368_M_bin.102	2	716
k127_21199368_M_bin.102	712	1198
k127_21199368_M_bin.102	1218	1524
k127_21199368_M_bin.102	1846	2971
k127_22683450_M_bin.12	2	131
k127_22683450_M_bin.12	242	626
k127_22683450_M_bin.12	606	1317
k127_22683450_M_bin.12	1313	2462
k127_22683450_M_bin.12	2458	3409
k127_7212086_M_bin.87	33	276
k127_7212086_M_bin.87	304	520
k127_7212086_M_bin.87	622	1903
k127_7212086_M_bin.87	1985	2246
k127_7212086_M_bin.87	2663	4451
k127_7212086_M_bin.87	4743	7962
k127_7212086_M_bin.87	8150	8588
k127_7212086_M_bin.87	8751	8982
k127_7212086_M_bin.87	9103	9877
k127_7212086_M_bin.87	10000	10624
k127_7212086_M_bin.87	10638	10806
k127_7212086_M_bin.87	11167	12031
k127_7212086_M_bin.87	12086	13253
k127_17718735_S_bin.61	418	3523
k127_17718735_S_bin.61	3519	5121
k127_17718735_S_bin.61	5217	6027
k127_17718735_S_bin.61	6118	6508
k127_2529399_S_bin.80	2	197
k127_2529399_S_bin.80	231	1851
k127_2529399_S_bin.80	1965	3234
k127_2529399_S_bin.80	3236	3695
k127_2529399_S_bin.80	4028	4877
k127_2529399_S_bin.80	4984	5410
k127_2529399_S_bin.80	5431	6412
k127_2529399_S_bin.80	6479	6914
k127_2529399_S_bin.80	6915	9150
k127_2529399_S_bin.80	9146	9368
k127_2529399_S_bin.80	9504	10134
k127_22988056_M_bin.77	1	2809
k127_22988056_M_bin.77	2814	8979
k127_19640673_S_bin.61	297	684
k127_19640673_S_bin.61	1124	2528
k127_19640673_S_bin.61	2615	4013
k127_19640673_S_bin.61	4260	4473
k127_19640673_S_bin.61	4636	4927
k127_19640673_S_bin.61	5000	6710
k127_32101288_S_bin.30	1	463
k127_32101288_S_bin.30	620	731
k127_32101288_S_bin.30	734	1187
k127_32101288_S_bin.30	1483	1651
k127_32101288_S_bin.30	1684	1990
k127_32101288_S_bin.30	2167	2311
k127_32101288_S_bin.30	2519	3281
k127_32101288_S_bin.30	3663	4743
k127_32101288_S_bin.30	4772	7262
k127_32101288_S_bin.30	7417	8758
k127_32101288_S_bin.30	8821	10228
k127_32101288_S_bin.30	10558	10912
k127_32101288_S_bin.30	10915	11434
k127_32101288_S_bin.30	11446	12628
k127_32101288_S_bin.30	12783	13458
k127_32101288_S_bin.30	14475	16488
k127_32101288_S_bin.30	16528	16741
k127_32101288_S_bin.30	16747	17059
k127_32101288_S_bin.30	17108	18338
k127_32101288_S_bin.30	18334	19066
k127_32101288_S_bin.30	19062	19539
k127_32101288_S_bin.30	19535	20705
k127_32101288_S_bin.30	20706	21363
k127_32101288_S_bin.30	21359	23678
k127_32101288_S_bin.30	23646	24252
k127_32101288_S_bin.30	24248	24671
k127_32101288_S_bin.30	24674	26342
k127_32101288_S_bin.30	26356	26710
k127_32101288_S_bin.30	26696	27647
k127_4603082_M_bin.66	2	4733
k127_4603082_M_bin.66	5109	5760
k127_4603082_M_bin.66	5785	6499
k127_4603082_M_bin.66	6541	7483
k127_4603082_M_bin.66	7484	7877
k127_4603082_M_bin.66	7873	8704
k127_4603082_M_bin.66	8728	9853
k127_4603082_M_bin.66	9949	10288
k127_29823166_S_bin.56	77	1226
k127_29823166_S_bin.56	1229	1520
k127_29823166_S_bin.56	1516	2140
k127_29823166_S_bin.56	2265	3594
k127_29823166_S_bin.56	3716	4772
k127_29823166_S_bin.56	4771	5455
k127_29823166_S_bin.56	5436	6525
k127_29823166_S_bin.56	6852	7236
k127_29823166_S_bin.56	7232	7967
k127_29823166_S_bin.56	7963	8290
k127_29823166_S_bin.56	8289	8667
k127_29823166_S_bin.56	8663	8951
k127_29823166_S_bin.56	9014	9923
k127_29823166_S_bin.56	10047	10509
k127_29823166_S_bin.56	10510	10651
k127_29823166_S_bin.56	10705	11131
k127_29823166_S_bin.56	11252	12758
k127_19547487_M_bin.21	0	1011
k127_19547487_M_bin.21	1007	2309
k127_19547487_M_bin.21	2305	3388
k127_19547487_M_bin.21	3384	3507
k127_19547487_M_bin.21	3503	5117
k127_19547487_M_bin.21	5113	6160
k127_19547487_M_bin.21	6156	7002
k127_19547487_M_bin.21	7075	8305
k127_19547487_M_bin.21	8500	9682
k127_19547487_M_bin.21	9854	10778
k127_19547487_M_bin.21	10816	11782
k127_19547487_M_bin.21	12138	12969
k127_19547487_M_bin.21	13100	13835
k127_19547487_M_bin.21	14030	15644
k127_19547487_M_bin.21	15769	16399
k127_19547487_M_bin.21	16484	18050
k127_19547487_M_bin.21	18057	19023
k127_19547487_M_bin.21	19042	19279
k127_612958_S_bin.120	0	195
k127_612958_S_bin.120	474	1197
k127_612958_S_bin.120	1510	1789
k127_612958_S_bin.120	1926	2814
k127_612958_S_bin.120	2825	3653
k127_612958_S_bin.120	3659	4184
k127_612958_S_bin.120	4381	5119
k127_612958_S_bin.120	5111	5315
k127_612958_S_bin.120	5354	5735
k127_612958_S_bin.120	5837	6026
k127_612958_S_bin.120	6133	6382
k127_37601404_S_bin.50	1	517
k127_37601404_S_bin.50	591	1044
k127_37601404_S_bin.50	1150	1771
k127_37601404_S_bin.50	1758	2238
k127_37601404_S_bin.50	2219	3344
k127_37601404_S_bin.50	3433	4702
k127_37601404_S_bin.50	4719	4866
k127_37601404_S_bin.50	4954	5917
k127_37601404_S_bin.50	5913	6492
k127_37601404_S_bin.50	6775	8254
k127_37601404_S_bin.50	8250	9006
k127_13070271_M_bin.111	0	1044
k127_13070271_M_bin.111	1091	1901
k127_13070271_M_bin.111	1919	2084
k127_13070271_M_bin.111	2080	3226
k127_13070271_M_bin.111	3206	4643
k127_26383661_S_bin.8	0	1110
k127_26383661_S_bin.8	1172	1778
k127_26383661_S_bin.8	1810	3055
k127_26383661_S_bin.8	3153	4674
k127_26383661_S_bin.8	4738	5470
k127_26383661_S_bin.8	5564	6785
k127_26383661_S_bin.8	6789	7044
k127_10082029_M_bin.105	1	127
k127_10082029_M_bin.105	207	3348
k127_10082029_M_bin.105	3403	5338
k127_8511279_S_bin.80	0	3375
k127_22848103_M_bin.8	2	917
k127_22848103_M_bin.8	916	1768
k127_22848103_M_bin.8	1764	2523
k127_14697671_M_bin.105	153	1047
k127_14697671_M_bin.105	1043	1358
k127_14697671_M_bin.105	1354	1705
k127_14697671_M_bin.105	1706	3263
k127_14697671_M_bin.105	3259	4129
k127_14697671_M_bin.105	4125	5193
k127_14697671_M_bin.105	5189	5741
k127_14697671_M_bin.105	5852	6284
k127_14697671_M_bin.105	6267	6933
k127_14697671_M_bin.105	6929	7850
k127_14697671_M_bin.105	7899	8388
k127_14697671_M_bin.105	8521	9034
k127_3756117_S_bin.74	2	284
k127_3756117_S_bin.74	255	1413
k127_3756117_S_bin.74	1378	3214
k127_3756117_S_bin.74	3210	3486
k127_27234148_M_bin.32	0	1620
k127_27234148_M_bin.32	1616	3812
k127_37767399_S_bin.80	2	3917
k127_2177044_M_bin.60	0	669
k127_2177044_M_bin.60	719	2774
k127_2177044_M_bin.60	2850	3240
k127_2177044_M_bin.60	3431	7565
k127_2177044_M_bin.60	7707	9054
k127_2177044_M_bin.60	9092	9680
k127_2177044_M_bin.60	9687	10431
k127_19272708_S_bin.117	1	940
k127_19272708_S_bin.117	936	2124
k127_19272708_S_bin.117	2200	2740
k127_19272708_S_bin.117	2844	3483
k127_27091081_M_bin.52	2	230
k127_27091081_M_bin.52	329	1358
k127_27091081_M_bin.52	1354	2251
k127_27091081_M_bin.52	2247	3099
k127_27091081_M_bin.52	3098	4385
k127_27091081_M_bin.52	4426	6424
k127_27091081_M_bin.52	6593	7370
k127_27091081_M_bin.52	7576	10198
k127_27091081_M_bin.52	10244	11939
k127_27091081_M_bin.52	11964	12534
k127_27091081_M_bin.52	12592	13621
k127_27091081_M_bin.52	13628	14765
k127_27091081_M_bin.52	14766	15870
k127_27091081_M_bin.52	16076	16412
k127_30414836_S_bin.27	0	837
k127_30414836_S_bin.27	790	1651
k127_30414836_S_bin.27	1673	2855
k127_30414836_S_bin.27	2851	3121
k127_30414836_S_bin.27	3135	4953
k127_30414836_S_bin.27	5152	7120
k127_30414836_S_bin.27	7127	8450
k127_30414836_S_bin.27	8558	9359
k127_30414836_S_bin.27	9268	9574
k127_1493337_M_bin.8	0	7032
k127_1493337_M_bin.8	7352	8681
k127_3915531_S_bin.28	3109	3763
k127_3915531_S_bin.28	3850	6547
k127_3915531_S_bin.28	6600	6810
k127_3915531_S_bin.28	7209	7449
k127_3915531_S_bin.28	7499	9653
k127_3915531_S_bin.28	9716	10037
k127_3915531_S_bin.28	10061	11447
k127_3915531_S_bin.28	11733	12162
k127_3915531_S_bin.28	12158	13451
k127_3915531_S_bin.28	13711	14911
k127_3915531_S_bin.28	14973	16614
k127_3915531_S_bin.28	16879	17875
k127_3915531_S_bin.28	18439	18754
k127_3915531_S_bin.28	18779	19298
k127_3915531_S_bin.28	20000	28988
k127_3915531_S_bin.28	28984	33097
k127_3915531_S_bin.28	33360	35769
k127_30872969_S_bin.28	2	11924
k127_30872969_S_bin.28	12148	12979
k127_30872969_S_bin.28	12975	14394
k127_30872969_S_bin.28	14407	14614
k127_30872969_S_bin.28	14849	15347
k127_30872969_S_bin.28	15445	16051
k127_30872969_S_bin.28	16307	17483
k127_30872969_S_bin.28	18146	18938
k127_2942825_M_bin.111	361	1408
k127_2942825_M_bin.111	1410	3564
k127_2942825_M_bin.111	4119	8454
k127_25524303_M_bin.52	2	161
k127_25524303_M_bin.52	341	749
k127_25524303_M_bin.52	882	1128
k127_25524303_M_bin.52	1234	2578
k127_25524303_M_bin.52	2624	3035
k127_25524303_M_bin.52	3031	3766
k127_25524303_M_bin.52	3905	4799
k127_25524303_M_bin.52	5082	6420
k127_25524303_M_bin.52	6737	10664
k127_25524303_M_bin.52	10700	12188
k127_14531586_M_bin.66	0	114
k127_14531586_M_bin.66	94	1297
k127_14531586_M_bin.66	1293	2772
k127_14531586_M_bin.66	2768	3716
k127_14531586_M_bin.66	3952	4165
k127_14531586_M_bin.66	4364	4892
k127_14531586_M_bin.66	4913	5108
k127_14531586_M_bin.66	5456	6272
k127_14531586_M_bin.66	6253	7000
k127_14531586_M_bin.66	7127	8099
k127_14531586_M_bin.66	8234	9059
k127_14531586_M_bin.66	9061	10045
k127_14531586_M_bin.66	10059	10608
k127_14531586_M_bin.66	10604	10946
k127_28672421_S_bin.80	0	987
k127_28672421_S_bin.80	1030	2029
k127_28672421_S_bin.80	2154	2925
k127_28672421_S_bin.80	3065	3425
k127_19061407_M_bin.21	2	908
k127_19061407_M_bin.21	900	2226
k127_19061407_M_bin.21	2222	3662
k127_19061407_M_bin.21	3725	4781
k127_19061407_M_bin.21	5123	5246
k127_11299331_M_bin.87	1	559
k127_11299331_M_bin.87	741	1665
k127_11299331_M_bin.87	1742	1877
k127_11299331_M_bin.87	1886	2498
k127_36267064_S_bin.8	2	980
k127_36267064_S_bin.8	984	1461
k127_36267064_S_bin.8	1457	1838
k127_36267064_S_bin.8	1842	2445
k127_36267064_S_bin.8	2451	3087
k127_36267064_S_bin.8	3052	3679
k127_36267064_S_bin.8	3813	4542
k127_36267064_S_bin.8	4591	5653
k127_36267064_S_bin.8	5649	6822
k127_36267064_S_bin.8	6929	7187
k127_36267064_S_bin.8	7261	7822
k127_36267064_S_bin.8	7828	8116
k127_36267064_S_bin.8	8105	8348
k127_36267064_S_bin.8	8387	9533
k127_36267064_S_bin.8	9529	9958
k127_36267064_S_bin.8	9947	11186
k127_36267064_S_bin.8	11202	11958
k127_36267064_S_bin.8	11959	12955
k127_36267064_S_bin.8	12991	13396
k127_36267064_S_bin.8	13702	14146
k127_36267064_S_bin.8	14150	14582
k127_36267064_S_bin.8	14581	15721
k127_36267064_S_bin.8	15722	16637
k127_36267064_S_bin.8	16679	17042
k127_21283691_M_bin.102	0	261
k127_21283691_M_bin.102	346	463
k127_21283691_M_bin.102	663	1494
k127_21283691_M_bin.102	1562	1976
k127_21283691_M_bin.102	2060	2873
k127_21283691_M_bin.102	2869	3964
k127_4957287_M_bin.32	1	1339
k127_4957287_M_bin.32	1378	2698
k127_4957287_M_bin.32	2697	3537
k127_4957287_M_bin.32	3533	3653
k127_23291978_M_bin.60	863	3617
k127_23291978_M_bin.60	3613	6283
k127_23291978_M_bin.60	6268	6979
k127_23291978_M_bin.60	7109	8279
k127_23291978_M_bin.60	8390	10004
k127_23291978_M_bin.60	10000	10987
k127_23291978_M_bin.60	11096	11816
k127_5328276_M_bin.47	0	1965
k127_5328276_M_bin.47	2107	5605
k127_15825066_M_bin.111	2	1199
k127_15825066_M_bin.111	1480	2404
k127_15825066_M_bin.111	2458	3916
k127_15825066_M_bin.111	4236	5118
k127_15825066_M_bin.111	5114	5501
k127_15825066_M_bin.111	5504	6470
k127_15825066_M_bin.111	6531	6813
k127_27193706_M_bin.44	1	850
k127_27193706_M_bin.44	993	2097
k127_27193706_M_bin.44	2091	2340
k127_27193706_M_bin.44	2872	3028
k127_27193706_M_bin.44	3880	4069
k127_27193706_M_bin.44	4137	5100
k127_27193706_M_bin.44	5103	6963
k127_27193706_M_bin.44	7061	8456
k127_27193706_M_bin.44	8964	9450
k127_27193706_M_bin.44	9459	11115
k127_27193706_M_bin.44	11316	11640
k127_27193706_M_bin.44	11768	12395
k127_27193706_M_bin.44	12415	12826
k127_27193706_M_bin.44	13030	13636
k127_41087363_S_bin.80	0	3042
k127_9712611_S_bin.28	0	3882
k127_8817632_S_bin.28	2	449
k127_8817632_S_bin.28	724	2059
k127_8817632_S_bin.28	2266	4228
k127_8817632_S_bin.28	4230	5388
k127_8817632_S_bin.28	5451	14055
k127_9430720_M_bin.32	2	77
k127_9430720_M_bin.32	129	534
k127_9430720_M_bin.32	678	825
k127_9430720_M_bin.32	821	1892
k127_9430720_M_bin.32	1878	3408
k127_9430720_M_bin.32	3512	3680
k127_7953622_S_bin.74	2	1088
k127_7953622_S_bin.74	1084	2254
k127_7953622_S_bin.74	2250	2640
k127_3051831_M_bin.21	0	1122
k127_3051831_M_bin.21	1290	1734
k127_3051831_M_bin.21	1944	3210
k127_3051831_M_bin.21	3223	5077
k127_3051831_M_bin.21	5093	6440
k127_3051831_M_bin.21	6468	7578
k127_3051831_M_bin.21	7599	8028
k127_3051831_M_bin.21	8187	9360
k127_3051831_M_bin.21	9409	11194
k127_3051831_M_bin.21	11190	12798
k127_3051831_M_bin.21	12856	13645
k127_3051831_M_bin.21	13668	15687
k127_3051831_M_bin.21	15787	16708
k127_3051831_M_bin.21	16788	17697
k127_3051831_M_bin.21	17760	19512
k127_3051831_M_bin.21	19508	19907
k127_3051831_M_bin.21	20129	21773
k127_3051831_M_bin.21	21827	23102
k127_3051831_M_bin.21	23112	24123
k127_18913463_M_bin.100	2	2960
k127_18913463_M_bin.100	3083	5639
k127_18913463_M_bin.100	5830	7114
k127_18913463_M_bin.100	7118	7451
k127_5264117_M_bin.67	124	1531
k127_5264117_M_bin.67	1530	2286
k127_5264117_M_bin.67	2706	4020
k127_5264117_M_bin.67	4183	5380
k127_5264117_M_bin.67	5351	5615
k127_5264117_M_bin.67	5649	6546
k127_5264117_M_bin.67	6542	7367
k127_5264117_M_bin.67	7484	7616
k127_5264117_M_bin.67	7669	8119
k127_5264117_M_bin.67	8074	9988
k127_5264117_M_bin.67	10111	11419
k127_5264117_M_bin.67	11756	12575
k127_5264117_M_bin.67	12571	13147
k127_18528014_M_bin.9	2129	2339
k127_18528014_M_bin.9	2399	6929
k127_18528014_M_bin.9	7238	7736
k127_18528014_M_bin.9	7807	8557
k127_18528014_M_bin.9	8553	9675
k127_18528014_M_bin.9	10000	10249
k127_18528014_M_bin.9	10248	11364
k127_18528014_M_bin.9	11342	11864
k127_18528014_M_bin.9	11856	12792
k127_20179275_S_bin.74	1	3130
k127_24138381_M_bin.109	2	557
k127_24138381_M_bin.109	633	1758
k127_24138381_M_bin.109	1757	2681
k127_24138381_M_bin.109	2774	3224
k127_24138381_M_bin.109	3498	4593
k127_24138381_M_bin.109	4589	5282
k127_24138381_M_bin.109	5266	6352
k127_24138381_M_bin.109	6383	6461
k127_2077595_M_bin.87	63	2061
k127_2077595_M_bin.87	2233	2674
k127_27309771_M_bin.67	0	198
k127_27309771_M_bin.67	521	1118
k127_27309771_M_bin.67	1121	1652
k127_27309771_M_bin.67	1749	2628
k127_27309771_M_bin.67	2624	4226
k127_27309771_M_bin.67	4242	4611
k127_27309771_M_bin.67	4607	4913
k127_27309771_M_bin.67	4909	5773
k127_27309771_M_bin.67	5805	6291
k127_22375068_M_bin.94	1	1279
k127_22375068_M_bin.94	1307	2510
k127_22375068_M_bin.94	2510	3833
k127_22375068_M_bin.94	3894	4806
k127_41722690_S_bin.30	2	1460
k127_41722690_S_bin.30	1546	2227
k127_41722690_S_bin.30	2418	3705
k127_41722690_S_bin.30	3786	4890
k127_41722690_S_bin.30	5181	6945
k127_41722690_S_bin.30	7323	8184
k127_41722690_S_bin.30	8256	10539
k127_41722690_S_bin.30	10574	11447
k127_41722690_S_bin.30	11548	11680
k127_27821001_S_bin.61	0	312
k127_27821001_S_bin.61	468	1086
k127_27821001_S_bin.61	3298	3598
k127_27821001_S_bin.61	3653	4265
k127_27821001_S_bin.61	4333	6925
k127_27821001_S_bin.61	6938	7718
k127_27821001_S_bin.61	7893	8709
k127_27821001_S_bin.61	8711	10733
k127_27821001_S_bin.61	10738	10906
k127_27821001_S_bin.61	11104	12379
k127_26907242_M_bin.67	1	712
k127_26907242_M_bin.67	823	1633
k127_26907242_M_bin.67	1709	2204
k127_26907242_M_bin.67	2311	2617
k127_26907242_M_bin.67	2705	3686
k127_26907242_M_bin.67	3882	4527
k127_26907242_M_bin.67	4719	5634
k127_26907242_M_bin.67	5719	6163
k127_26907242_M_bin.67	6211	7228
k127_26907242_M_bin.67	7305	8385
k127_26907242_M_bin.67	8387	8942
k127_26907242_M_bin.67	8938	9439
k127_26907242_M_bin.67	9511	10777
k127_26907242_M_bin.67	10778	12683
k127_26907242_M_bin.67	12747	13515
k127_4432298_M_bin.12	0	1878
k127_4432298_M_bin.12	1871	2483
k127_4432298_M_bin.12	2951	3257
k127_4432298_M_bin.12	3697	4702
k127_4432298_M_bin.12	4755	5247
k127_4269423_M_bin.8	1	937
k127_4269423_M_bin.8	917	2006
k127_4269423_M_bin.8	2002	2143
k127_4269423_M_bin.8	2220	2736
k127_6441253_S_bin.50	2	1028
k127_6441253_S_bin.50	1244	1838
k127_6441253_S_bin.50	1899	2745
k127_6441253_S_bin.50	2833	3373
k127_6441253_S_bin.50	3448	4636
k127_6441253_S_bin.50	4632	5817
k127_40450759_S_bin.80	0	2883
k127_2858824_S_bin.117	0	3570
k127_2858824_S_bin.117	3566	4235
k127_13090747_S_bin.56	2	221
k127_13090747_S_bin.56	333	1491
k127_13090747_S_bin.56	1487	2678
k127_21444611_S_bin.28	219	1059
k127_21444611_S_bin.28	1055	2390
k127_21444611_S_bin.28	2643	3393
k127_21444611_S_bin.28	3503	3857
k127_21444611_S_bin.28	4255	5185
k127_21444611_S_bin.28	5181	5697
k127_21444611_S_bin.28	5738	6734
k127_21444611_S_bin.28	6957	7470
k127_21444611_S_bin.28	7475	8768
k127_21444611_S_bin.28	9133	9919
k127_21444611_S_bin.28	10112	11021
k127_21444611_S_bin.28	11168	11633
k127_21444611_S_bin.28	11861	12878
k127_21444611_S_bin.28	12929	13784
k127_21444611_S_bin.28	13921	14791
k127_21444611_S_bin.28	14997	16926
k127_21444611_S_bin.28	17194	18322
k127_21444611_S_bin.28	18476	18992
k127_21444611_S_bin.28	19034	19904
k127_21444611_S_bin.28	20000	27056
k127_21481200_M_bin.94	0	195
k127_21481200_M_bin.94	212	953
k127_21481200_M_bin.94	952	1507
k127_21481200_M_bin.94	1543	2545
k127_21481200_M_bin.94	2541	4203
k127_21481200_M_bin.94	4186	5026
k127_21481200_M_bin.94	5096	6137
k127_21481200_M_bin.94	6165	7374
k127_21481200_M_bin.94	7376	7988
k127_38076077_S_bin.61	2	6836
k127_38076077_S_bin.61	6832	7084
k127_38076077_S_bin.61	7114	8779
k127_38076077_S_bin.61	8783	8936
k127_38076077_S_bin.61	9251	9971
k127_38076077_S_bin.61	10382	10937
k127_38076077_S_bin.61	11009	11411
k127_38076077_S_bin.61	11547	11943
k127_4549696_M_bin.66	0	735
k127_4549696_M_bin.66	742	1603
k127_4549696_M_bin.66	1625	2807
k127_4549696_M_bin.66	2803	3073
k127_4549696_M_bin.66	3087	4905
k127_4549696_M_bin.66	5104	6601
k127_26500712_M_bin.55	1	250
k127_26500712_M_bin.55	321	861
k127_26500712_M_bin.55	1108	1840
k127_26500712_M_bin.55	1803	2316
k127_26500712_M_bin.55	2326	4096
k127_26500712_M_bin.55	4279	4564
k127_26500712_M_bin.55	4710	5739
k127_26500712_M_bin.55	5825	6407
k127_26500712_M_bin.55	6403	7354
k127_26500712_M_bin.55	7493	7724
k127_26500712_M_bin.55	7867	9694
k127_26500712_M_bin.55	9726	10635
k127_27683385_S_bin.30	168	840
k127_27683385_S_bin.30	846	1155
k127_27683385_S_bin.30	1471	2404
k127_27683385_S_bin.30	2400	2598
k127_27683385_S_bin.30	2600	3359
k127_27683385_S_bin.30	3368	4331
k127_27683385_S_bin.30	4344	4812
k127_27683385_S_bin.30	4861	5464
k127_27683385_S_bin.30	5517	5892
k127_27683385_S_bin.30	5958	6372
k127_27683385_S_bin.30	6434	6848
k127_27683385_S_bin.30	6901	7453
k127_27683385_S_bin.30	7808	8393
k127_27683385_S_bin.30	8405	9422
k127_27683385_S_bin.30	9534	10062
k127_27683385_S_bin.30	10000	10930
k127_27683385_S_bin.30	10926	12405
k127_27683385_S_bin.30	12416	13565
k127_27683385_S_bin.30	13548	14844
k127_27683385_S_bin.30	14853	15762
k127_27683385_S_bin.30	16005	16554
k127_27683385_S_bin.30	16703	16922
k127_27683385_S_bin.30	16981	18676
k127_27683385_S_bin.30	18781	19300
k127_27683385_S_bin.30	19395	20337
k127_27683385_S_bin.30	20338	21259
k127_27683385_S_bin.30	21529	22936
k127_23750127_S_bin.28	2	2960
k127_11394960_M_bin.111	0	315
k127_11394960_M_bin.111	418	1093
k127_11394960_M_bin.111	1173	3171
k127_11394960_M_bin.111	3210	4515
k127_11394960_M_bin.111	4514	4982
k127_23808480_S_bin.80	2	410
k127_23808480_S_bin.80	650	2129
k127_23808480_S_bin.80	2132	2381
k127_23808480_S_bin.80	2377	3751
k127_23808480_S_bin.80	3834	6579
k127_20803691_M_bin.1	2	710
k127_20803691_M_bin.1	706	1777
k127_20803691_M_bin.1	1795	2368
k127_20803691_M_bin.1	2486	2723
k127_8736639_M_bin.109	2	3308
k127_8736639_M_bin.109	3353	4319
k127_8736639_M_bin.109	4315	5083
k127_8736639_M_bin.109	5445	7635
k127_8736639_M_bin.109	7734	8157
k127_8736639_M_bin.109	8320	8650
k127_8736639_M_bin.109	8646	10209
k127_8736639_M_bin.109	10201	10471
k127_8736639_M_bin.109	10629	12141
k127_8736639_M_bin.109	12133	14128
k127_8736639_M_bin.109	14289	14628
k127_8736639_M_bin.109	14631	15303
k127_8736639_M_bin.109	15411	16677
k127_36017374_S_bin.71	0	792
k127_36017374_S_bin.71	779	2273
k127_36017374_S_bin.71	2269	2851
k127_36017374_S_bin.71	2847	3693
k127_2653727_S_bin.36	2	3098
k127_38690564_S_bin.8	1	814
k127_38690564_S_bin.8	1029	1653
k127_38690564_S_bin.8	1821	1986
k127_38690564_S_bin.8	2131	2833
k127_38690564_S_bin.8	2836	3292
k127_38690564_S_bin.8	3325	4162
k127_38690564_S_bin.8	4167	5637
k127_38690564_S_bin.8	5639	6308
k127_38690564_S_bin.8	6470	6737
k127_18215608_S_bin.28	0	951
k127_18215608_S_bin.28	947	2612
k127_3318235_M_bin.21	2	1283
k127_3318235_M_bin.21	1416	2691
k127_3318235_M_bin.21	2804	3413
k127_3318235_M_bin.21	3571	4888
k127_3318235_M_bin.21	5395	6238
k127_3318235_M_bin.21	6287	7127
k127_3318235_M_bin.21	7119	8604
k127_3318235_M_bin.21	8582	9326
k127_3318235_M_bin.21	9452	10553
k127_3318235_M_bin.21	10650	12159
k127_3318235_M_bin.21	12158	12677
k127_3318235_M_bin.21	12795	13761
k127_3318235_M_bin.21	13862	14564
k127_3318235_M_bin.21	14560	16081
k127_3318235_M_bin.21	16148	16574
k127_16298011_M_bin.44	32	5069
k127_23050205_M_bin.55	2	1064
k127_23050205_M_bin.55	1060	2233
k127_23050205_M_bin.55	2281	3301
k127_23050205_M_bin.55	3458	3890
k127_23050205_M_bin.55	3886	4303
k127_23050205_M_bin.55	4336	5581
k127_23050205_M_bin.55	5599	6343
k127_23050205_M_bin.55	6339	7086
k127_23050205_M_bin.55	7111	7732
k127_23050205_M_bin.55	7836	8370
k127_23050205_M_bin.55	8785	9232
k127_23050205_M_bin.55	9219	9981
k127_23050205_M_bin.55	10192	11437
k127_23050205_M_bin.55	11570	12035
k127_4719246_M_bin.35	2	803
k127_4719246_M_bin.35	830	1730
k127_4719246_M_bin.35	1742	2954
k127_4719246_M_bin.35	3020	3203